ID,Numero Paciente,Nome,CPF,RG,Sexo,CEP,Endereco,Bairro,Cidade,UF,Celular,Telefone,E-mail,Data de Nascimento,Numero do Prontuario,Responsavel,CPF Responsavel,Data de Nascimento Responsavel,Titular do Plano,CPF do Titular do Plano,Carteirinha do Plano,Nome do plano,Observacao
33275135,276,Maria Eduarda Lopes,73689415209,,F,06162-150,Rua Teste 1,Bairro 1,,SP,5584932546048,,teste@teste.com,1957-10-20,,,,,,,,Particular,
30868557,266,Rebeca Aragão,28597306483,,,06162-151,Rua Teste 2,Bairro 2,,SP,5584917386244,,,1968-10-15,,,,,,,,Particular,
37740942,255,Dante Rios,32548690792,,,06162-152,Rua Teste 3,Bairro 3,,SP,5561976806410,,,1944-12-06,,,,,,,,Particular,
39442913,204,Antony da Cruz,60395874238,,M,06162-153,Rua Teste 4,Bairro 4,,SP,5584962192967,,,1993-10-08,,,,,,,,Particular,
37094906,268,Dra. Maria Alice Sá,2946781585,,,06162-154,Rua Teste 5,Bairro 5,,SP,5511970947932,,,1983-03-08,,,,,,,,Particular,
38356022,299,Stella Montenegro,2685134905,,,06162-155,Rua Teste 6,Bairro 6,,SP,5551915820404,,,1990-08-13,,,,,,,,Particular,
31425114,284,Maria Júlia Melo,2514698758,,,06162-156,Rua Teste 7,Bairro 7,,SP,5521919189395,,,1954-08-24,,,,,,,,Particular,
36219906,267,Enzo Araújo,56429871002,,M,06162-157,Rua Teste 8,Bairro 8,,SP,5571964242696,,,1997-04-17,,,,,,,,Particular,
37241796,244,Emanuella Vieira,8619742396,,F,06162-158,Rua Teste 9,Bairro 9,,SP,5511983908635,,,1976-02-16,,,,,,,,Particular,
35287245,282,Thales Abreu,78912346555,,,06162-159,Rua Teste 10,Bairro 10,,SP,5581936863839,,teste@teste.com,1998-06-20,,Teste Pai,78912346556,,,,,Particular,
36863771,231,João Barbosa,24175903879,,,06162-160,Rua Teste 11,Bairro 11,,SP,5511952384801,,,1981-09-17,,,,,,,,Particular,
39898939,256,Maitê Castro,30962741850,,,06162-161,Rua Teste 12,Bairro 12,,SP,5551906297592,,,1986-04-15,,,,,,,,Particular,
30212535,225,Dra. Esther Peixoto,43159782050,,,06162-162,Rua Teste 13,Bairro 13,,SP,5581983637801,,,1985-02-24,,,,,,,,Particular,
39562860,254,Rafaela Nunes,52019846306,,,06162-163,Rua Teste 14,Bairro 14,,SP,5541930956347,,,1969-05-29,,Teste Mãe,52019846306,,,,,Particular,
38696163,200,Dr. Yago Oliveira,98657230186,,,06162-164,Rua Teste 15,Bairro 15,,SP,5584910188262,,teste@teste.com,2001-09-13,,,,,,,,Particular,
35571215,222,Melina Nascimento,43295087105,,,06162-165,Rua Teste 16,Bairro 16,,SP,5511949314689,,,1990-10-08,,,,,,,,Particular,
36942870,291,Bruno da Cunha,97824106594,,M,06162-166,Rua Teste 17,Bairro 17,,SP,5551913945369,,,1979-06-29,,,,,,,,Particular,
34252600,249,Sra. Rafaela Duarte,8415796366,,,06162-167,Rua Teste 18,Bairro 18,,SP,5531947113311,,,1960-05-01,,,,,,,,Particular,
32684960,225,Marcela Pires,10857246380,,,06162-168,Rua Teste 19,Bairro 19,,SP,5511995478628,,,1991-03-19,,,,,,,,Particular,
38000134,242,Maria Eduarda Machado,5824967130,,,06162-169,Rua Teste 20,Bairro 20,,SP,5531939462983,,teste@teste.com,1968-11-28,,,,,,,,Particular,
